{"stats":{"minecraft:killed_by":{"undead_revamp2:slaveman":1},"minecraft:custom":{"minecraft:jump":62,"minecraft:time_since_rest":1123,"minecraft:damage_dealt":119,"minecraft:damage_taken":325,"minecraft:leave_game":2,"minecraft:time_since_death":1094,"minecraft:play_time":2567,"minecraft:sprint_one_cm":7930,"minecraft:walk_one_cm":3578,"minecraft:walk_on_water_one_cm":839,"minecraft:deaths":1,"minecraft:total_world_time":2567,"minecraft:walk_under_water_one_cm":675,"minecraft:swim_one_cm":3771,"minecraft:fall_one_cm":1504,"minecraft:fly_one_cm":11753,"minecraft:horse_one_cm":783}},"DataVersion":3465}