{"stats":{"minecraft:dropped":{"minecraft:stone":1,"minecraft:oak_leaves":1,"minecraft:grass_block":1},"minecraft:killed":{"minecraft:axolotl":1,"minecraft:horse":1,"undead_revamp2:slaveman":1,"undead_revamp2:bomber":1,"undead_revamp2:theimmortal":2,"minecraft:creeper":2},"minecraft:custom":{"minecraft:time_since_rest":72772,"minecraft:crouch_one_cm":231,"minecraft:play_time":72772,"minecraft:sprint_one_cm":25885,"minecraft:walk_one_cm":35631,"minecraft:walk_under_water_one_cm":375,"minecraft:sneak_time":66,"minecraft:mob_kills":8,"minecraft:drop":3,"minecraft:jump":366,"minecraft:damage_dealt":1990,"minecraft:leave_game":7,"minecraft:time_since_death":72772,"minecraft:walk_on_water_one_cm":3597,"minecraft:total_world_time":72772,"minecraft:fly_one_cm":215839},"minecraft:used":{"minecraft:oak_leaves":5,"securitycraft:mine":1,"minecraft:netherite_sword":25,"minecraft:dirt":1,"minecraft:grass_block":3,"minecraft:copper_ore":4,"undead_revamp2:slaveman_spawn_egg":1,"minecraft:axolotl_spawn_egg":1,"minecraft:stone":20,"undead_revamp2:theimmortal_spawn_egg":5,"minecraft:coal_ore":41},"minecraft:picked_up":{"undead_revamp2:bostroxset_boots":1,"minecraft:stick":1,"undead_revamp2:bostroxset_chestplate":1,"minecraft:arrow":2,"minecraft:rotten_flesh":2,"minecraft:slime_ball":1,"minecraft:diamond":5,"minecraft:leather":2,"minecraft:iron_ingot":5,"minecraft:gold_ingot":4,"minecraft:gunpowder":2}},"DataVersion":3465}