{"stats":{"minecraft:custom":{"minecraft:jump":55,"minecraft:time_since_rest":18676,"minecraft:damage_dealt":200,"minecraft:leave_game":2,"minecraft:play_time":18676,"minecraft:sprint_one_cm":5482,"minecraft:time_since_death":18676,"minecraft:walk_one_cm":4081,"minecraft:sneak_time":6,"minecraft:total_world_time":18676,"minecraft:mob_kills":1,"minecraft:fly_one_cm":24828},"minecraft:picked_up":{"minecraft:arrow":2,"minecraft:gunpowder":2},"minecraft:killed":{"minecraft:creeper":1},"minecraft:used":{"securitycraft:mine":1,"minecraft:copper_ore":1,"minecraft:stone":1}},"DataVersion":3465}