{"stats":{"minecraft:dropped":{"minecraft:oak_leaves":1,"minecraft:grass_block":1},"minecraft:used":{"securitycraft:mine":1,"minecraft:oak_leaves":5,"minecraft:netherite_sword":8,"minecraft:dirt":1,"minecraft:grass_block":3,"minecraft:copper_ore":4,"minecraft:axolotl_spawn_egg":1,"minecraft:stone":1},"minecraft:picked_up":{"minecraft:arrow":2,"minecraft:slime_ball":1,"minecraft:leather":2,"minecraft:gunpowder":2},"minecraft:custom":{"minecraft:time_since_rest":59678,"minecraft:sprint_one_cm":15410,"minecraft:play_time":59678,"minecraft:walk_one_cm":11474,"minecraft:sneak_time":9,"minecraft:mob_kills":5,"minecraft:drop":2,"minecraft:jump":191,"minecraft:damage_dealt":1194,"minecraft:leave_game":3,"minecraft:time_since_death":59678,"minecraft:total_world_time":59678,"minecraft:fly_one_cm":97550},"minecraft:killed":{"minecraft:axolotl":1,"minecraft:horse":1,"undead_revamp2:bomber":1,"minecraft:creeper":2}},"DataVersion":3465}