{"stats":{"minecraft:custom":{"minecraft:jump":131,"minecraft:time_since_rest":49567,"minecraft:damage_dealt":310,"minecraft:leave_game":2,"minecraft:play_time":49567,"minecraft:sprint_one_cm":11765,"minecraft:time_since_death":49567,"minecraft:walk_one_cm":8004,"minecraft:sneak_time":9,"minecraft:total_world_time":49567,"minecraft:mob_kills":1,"minecraft:drop":2,"minecraft:fly_one_cm":73494},"minecraft:dropped":{"minecraft:oak_leaves":1,"minecraft:grass_block":1},"minecraft:picked_up":{"minecraft:arrow":2,"minecraft:gunpowder":2},"minecraft:killed":{"minecraft:creeper":1},"minecraft:used":{"minecraft:dirt":1,"minecraft:oak_leaves":2,"securitycraft:mine":1,"minecraft:copper_ore":4,"minecraft:stone":1,"minecraft:grass_block":3}},"DataVersion":3465}