{"stats":{"minecraft:custom":{"minecraft:time_since_rest":953,"minecraft:sprint_one_cm":27634,"minecraft:damage_taken":400,"minecraft:walk_one_cm":37831,"minecraft:mob_kills":16,"minecraft:damage_dealt":5052,"minecraft:fly_one_cm":231025,"minecraft:crouch_one_cm":19,"minecraft:play_time":13960,"minecraft:deaths":1,"minecraft:sneak_time":67,"minecraft:walk_under_water_one_cm":1030,"minecraft:jump":297,"minecraft:damage_dealt_resisted":17,"minecraft:leave_game":3,"minecraft:time_since_death":921,"minecraft:walk_on_water_one_cm":42,"minecraft:total_world_time":13960,"minecraft:fall_one_cm":3341},"minecraft:killed_by":{"undead_revamp2:therod":1},"minecraft:killed":{"minecraft:sheep":1,"minecraft:skeleton":1,"minecraft:pig":1,"undead_revamp2:theskeeper":1,"undead_revamp2:the_moonflower":1,"undead_revamp2:therod":3,"undead_revamp2:theheavy":1,"undead_revamp2:thehorrors":1,"undead_revamp2:thesmoker":1,"undead_revamp2:thebeartamer":2},"minecraft:used":{"minecraft:netherite_sword":60,"undead_revamp2:therod_spawn_egg":1,"undead_revamp2:theskeeper_spawn_egg":1,"minecraft:grass_block":1,"minecraft:bread":1,"undead_revamp2:thewolf_spawn_egg":1,"undead_revamp2:thesomnolence_spawn_egg":1,"undead_revamp2:slaveman_spawn_egg":1,"minecraft:stone":1,"undead_revamp2:theimmortal_spawn_egg":1,"undead_revamp2:invisiimmortal_spawn_egg":6,"undead_revamp2:thebeartamer_spawn_egg":2,"minecraft:porkchop":3},"minecraft:picked_up":{"minecraft:stone":1,"minecraft:copper_ingot":4,"minecraft:porkchop":3,"undead_revamp2:huntereye":2,"minecraft:string":5,"undead_revamp2:heavytooth":4,"minecraft:bone":5,"minecraft:rotten_flesh":26,"minecraft:netherite_sword":1,"minecraft:bread":1,"minecraft:mutton":2,"minecraft:white_wool":1,"minecraft:cobblestone":8}},"DataVersion":3465}